INGRESADO,WK IN,N°REF ASLI,EJECUTIVO,SHIPPER,BOOKING,CANT CONT.,CONTENEDOR,WK ETD,NAVIERA,NAVE INICIAL,ESPECIE,T°,CBM,CT,CO2,O2,POL,POD,DEPÓSITO ,ETD,ETA,TT,FLETE,ESTADO,ROLEADA DESDE,INGRESO STACKING,TIPO INGRESO,N° BL ,ESTADO BL/SWB,CONTRATO,MES DE INGRESO,MES DE ZARPE,SEMANA DE ARRIBO,MES DE ARRIBO,FACTURACION,BOOKING PDF,COMENTARIO,OBSERVACION
08-01-2026,2,A0646,RODRIGO CACERES,COPEFRUT,264246955,1,MNBU4078762,6,MAERSK,MAERSK BULAN [602N],CIRUELA,-0.5,10,NO,,,VALPARAISO,PUERTO CALDERA,CONTOPSA VAP,15-01-2026,27-01-2026,12,COLLECT,CONFIRMADA,,,NORMAL,,,COPEFRUT,1,2,10,3,OK,,,
23-01-2026,4,A999,RODRIGO CACERES,COPEFRUT,265711895,1,MNBU3877574,6,MAERSK,MAERSK BINTAN [605N],CIRUELA,-0.5,10,NO,,,VALPARAISO,ALGECIRAS,CONTOPSA VAP,05-02-2026,04-03-2026,27,COLLECT,CONFIRMADA,,23-01-2026,NORMAL,,,COPEFRUT,1,2,10,3,OK,,,
23-01-2026,4,A0647,RODRIGO CACERES,COPEFRUT,265641102,1,MNBU3877574,6,MAERSK,MAERSK BINTAN [605N],CIRUELA,-0.5,10,NO,,,VALPARAISO,ALGECIRAS,CONTOPSA VAP,05-02-2026,04-03-2026,27,COLLECT,CONFIRMADA,,23-01-2026,NORMAL,,,COPEFRUT,1,2,10,3,OK,,,
26-01-2026,5,A0648,RICARDO LAZO,FENIX,SAA0002351,1,OTPU683204-0,5,WAN HAI,KOTA CANTIK [092],CIRUELA,-0.5,10,NO,,,SAN ANTONIO,SHANGHAI,MEDLOG SAI,30-01-2026,07-03-2026,36,COLLECT,CONFIRMADA,,,NORMAL,,,ASLI,1,1,10,3,,,,
26-01-2026,5,A0649,RICARDO LAZO,FENIX,SAA0002352,1,OTPU625831-2,5,WAN HAI,KOTA CANTIK [092],CIRUELA,-0.5,10,NO,,,SAN ANTONIO,SHANGHAI,MEDLOG SAI,30-01-2026,07-03-2026,36,COLLECT,CONFIRMADA,,,NORMAL,,,ASLI,1,1,10,3,,,,
26-01-2026,5,A0650,RICARDO LAZO,FENIX,SAA0002353,1,SEGU982106-9,5,WAN HAI,KOTA CANTIK [092],CIRUELA,-0.5,10,NO,,,SAN ANTONIO,SHANGHAI,MEDLOG SAI,30-01-2026,07-03-2026,36,COLLECT,CONFIRMADA,,,NORMAL,,,ASLI,1,1,10,3,,,,
27-01-2026,5,A0651,RODRIGO CACERES,COPEFRUT,265821084,1,MNBU4558355,6,MAERSK,SALLY MAERSK [604W],CIRUELA,-0.5,10,SI,,,SAN ANTONIO,HONG KONG,CONTOPSA SAI,02-02-2026,28-02-2026,26,COLLECT,CONFIRMADA,,,NORMAL,,,COPEFRUT,1,2,9,2,OK,,,
27-01-2026,5,A0652,RODRIGO CACERES,COPEFRUT,265821341,1,MNBU4343001,6,MAERSK,SALLY MAERSK [604W],CIRUELA,-0.5,10,SI,,,SAN ANTONIO,HONG KONG,CONTOPSA SAI,02-02-2026,28-02-2026,26,COLLECT,CONFIRMADA,,,NORMAL,,,COPEFRUT,1,2,9,2,OK,,,
27-01-2026,5,A0653,RODRIGO CACERES,COPEFRUT,265821332,1,MNBU4617397,6,MAERSK,SALLY MAERSK [604W],CIRUELA,-0.5,10,NO,,,SAN ANTONIO,HONG KONG,CONTOPSA SAI,02-02-2026,28-02-2026,26,COLLECT,CONFIRMADA,,,NORMAL,,,COPEFRUT,1,2,9,2,OK,,,
27-01-2026,5,A0654,RODRIGO CACERES,COPEFRUT,265821310,1,MNBU3226675,6,MAERSK,SALLY MAERSK [604W],CIRUELA,-0.5,10,NO,,,SAN ANTONIO,HONG KONG,CONTOPSA SAI,02-02-2026,28-02-2026,26,COLLECT,CONFIRMADA,,,NORMAL,,,COPEFRUT,1,2,9,2,OK,,,
27-01-2026,5,A0655,RODRIGO CACERES,COPEFRUT,265821353,1,MNBU0118701,6,MAERSK,SALLY MAERSK [604W],CIRUELA,-0.5,10,NO,,,SAN ANTONIO,HONG KONG,CONTOPSA SAI,02-02-2026,28-02-2026,26,COLLECT,CONFIRMADA,,,NORMAL,,,COPEFRUT,1,2,9,2,OK,,,
27-01-2026,5,A0656,RODRIGO CACERES,COPEFRUT,265821326,1,TLLU1165850,6,MAERSK,SALLY MAERSK [604W],CIRUELA,-0.5,10,NO,,,SAN ANTONIO,HONG KONG,CONTOPSA SAI,02-02-2026,28-02-2026,26,COLLECT,CONFIRMADA,,,NORMAL,,,COPEFRUT,1,2,9,2,OK,,,
27-01-2026,5,A0657,RODRIGO CACERES,COPEFRUT,265821217,1,MNBU0560502,6,MAERSK,SALLY MAERSK [604W],CIRUELA,-0.5,10,NO,,,SAN ANTONIO,HONG KONG,CONTOPSA SAI,02-02-2026,28-02-2026,26,COLLECT,CONFIRMADA,,,NORMAL,,,COPEFRUT,1,2,9,2,OK,,,
27-01-2026,5,A0658,RODRIGO CACERES,COPEFRUT,265822101,1,MNBU4212378,6,MAERSK,SALLY MAERSK [604W],CIRUELA,-0.5,10,NO,,,SAN ANTONIO,HONG KONG,CONTOPSA SAI,02-02-2026,28-02-2026,26,COLLECT,CONFIRMADA,,,NORMAL,,,COPEFRUT,1,2,9,2,OK,,,
27-01-2026,5,A0659,RODRIGO CACERES,COPEFRUT,265822097,1,MNBU3991519,6,MAERSK,SALLY MAERSK [604W],CIRUELA,-0.5,10,NO,,,SAN ANTONIO,HONG KONG,CONTOPSA SAI,02-02-2026,28-02-2026,26,COLLECT,CONFIRMADA,,,NORMAL,,,COPEFRUT,1,2,9,2,OK,,,
27-01-2026,5,A0660,RODRIGO CACERES,COPEFRUT,265822063,1,SUDU8168113,6,MAERSK,SALLY MAERSK [604W],CIRUELA,-0.5,10,NO,,,SAN ANTONIO,HONG KONG,CONTOPSA SAI,02-02-2026,28-02-2026,26,COLLECT,CONFIRMADA,,,NORMAL,,,COPEFRUT,1,2,9,2,OK,,,
27-01-2026,5,A0661,RODRIGO CACERES,COPEFRUT,265822050,1,MNBU3887546,6,MAERSK,SALLY MAERSK [604W],CIRUELA,-0.5,10,NO,,,SAN ANTONIO,HONG KONG,CONTOPSA SAI,02-02-2026,28-02-2026,26,COLLECT,CONFIRMADA,,,NORMAL,,,COPEFRUT,1,2,9,2,OK,,,
27-01-2026,5,A0662,RODRIGO CACERES,COPEFRUT,265822034,1,MNBU4671633,6,MAERSK,SALLY MAERSK [604W],CIRUELA,-0.5,10,NO,,,SAN ANTONIO,HONG KONG,CONTOPSA SAI,02-02-2026,28-02-2026,26,COLLECT,CONFIRMADA,,,NORMAL,,,COPEFRUT,1,2,9,2,OK,,,
27-01-2026,5,A0663,RODRIGO CACERES,COPEFRUT,265822025,1,SUDU6222658,6,MAERSK,SALLY MAERSK [604W],CIRUELA,-0.5,10,NO,,,SAN ANTONIO,HONG KONG,CONTOPSA SAI,02-02-2026,28-02-2026,26,COLLECT,CONFIRMADA,,,NORMAL,,,COPEFRUT,1,2,9,2,OK,,,
27-01-2026,5,A0664,RODRIGO CACERES,COPEFRUT,265822008,1,TTNU8756796,6,MAERSK,SALLY MAERSK [604W],CIRUELA,-0.5,10,NO,,,SAN ANTONIO,HONG KONG,CONTOPSA SAI,02-02-2026,28-02-2026,26,COLLECT,CONFIRMADA,,,NORMAL,,,COPEFRUT,1,2,9,2,OK,,,
27-01-2026,5,A0665,RODRIGO CACERES,COPEFRUT,265821992,1,MNBU0390793,6,MAERSK,SALLY MAERSK [604W],CIRUELA,-0.5,10,NO,,,SAN ANTONIO,HONG KONG,CONTOPSA SAI,02-02-2026,28-02-2026,26,COLLECT,CONFIRMADA,,,NORMAL,,,COPEFRUT,1,2,9,2,OK,,,
27-01-2026,5,A0666,RODRIGO CACERES,COPEFRUT,265821976,1,MNBU0573264,6,MAERSK,SALLY MAERSK [604W],CIRUELA,-0.5,10,NO,,,SAN ANTONIO,HONG KONG,CONTOPSA SAI,02-02-2026,28-02-2026,26,COLLECT,CONFIRMADA,,,NORMAL,,,COPEFRUT,1,2,9,2,OK,,,
27-01-2026,5,A0667,RODRIGO CACERES,COPEFRUT,265821963,1,MNBU4178648,6,MAERSK,SALLY MAERSK [604W],CIRUELA,-0.5,10,NO,,,SAN ANTONIO,HONG KONG,CONTOPSA SAI,02-02-2026,28-02-2026,26,COLLECT,CONFIRMADA,,,NORMAL,,,COPEFRUT,1,2,9,2,OK,,,
27-01-2026,5,A0668,RODRIGO CACERES,COPEFRUT,265821928,1,MNBU4299573,6,MAERSK,SALLY MAERSK [604W],CIRUELA,-0.5,10,NO,,,SAN ANTONIO,HONG KONG,CONTOPSA SAI,02-02-2026,28-02-2026,26,COLLECT,CONFIRMADA,,,NORMAL,,,COPEFRUT,1,2,9,2,OK,,,
27-01-2026,5,A0669,RODRIGO CACERES,COPEFRUT,265821916,1,MNBU3550745,6,MAERSK,SALLY MAERSK [604W],CIRUELA,-0.5,10,NO,,,SAN ANTONIO,HONG KONG,CONTOPSA SAI,02-02-2026,28-02-2026,26,COLLECT,CONFIRMADA,,,NORMAL,,,COPEFRUT,1,2,9,2,OK,,,
27-01-2026,5,A0670,RODRIGO CACERES,COPEFRUT,265821906,1,MNBU3775320,6,MAERSK,SALLY MAERSK [604W],CIRUELA,-0.5,10,NO,,,SAN ANTONIO,HONG KONG,CONTOPSA SAI,02-02-2026,28-02-2026,26,COLLECT,CONFIRMADA,,,NORMAL,,,COPEFRUT,1,2,9,2,OK,,,
27-01-2026,5,A0671,RODRIGO CACERES,COPEFRUT,265821897,1,MWCU5301553,6,MAERSK,SALLY MAERSK [604W],CIRUELA,-0.5,10,NO,,,SAN ANTONIO,HONG KONG,CONTOPSA SAI,02-02-2026,28-02-2026,26,COLLECT,CONFIRMADA,,,NORMAL,,,COPEFRUT,1,2,9,2,OK,,,
27-01-2026,5,A0672,RODRIGO CACERES,COPEFRUT,265821891,1,MNBU4021772,6,MAERSK,SALLY MAERSK [604W],CIRUELA,-0.5,10,NO,,,SAN ANTONIO,HONG KONG,CONTOPSA SAI,02-02-2026,28-02-2026,26,COLLECT,CONFIRMADA,,,NORMAL,,,COPEFRUT,1,2,9,2,OK,,,
27-01-2026,5,A0673,RODRIGO CACERES,COPEFRUT,265821879,1,MNBU4261454,6,MAERSK,SALLY MAERSK [604W],CIRUELA,-0.5,10,NO,,,SAN ANTONIO,HONG KONG,CONTOPSA SAI,02-02-2026,28-02-2026,26,COLLECT,CONFIRMADA,,,NORMAL,,,COPEFRUT,1,2,9,2,OK,,,
27-01-2026,5,A0674,RODRIGO CACERES,COPEFRUT,265821870,1,SUDU6195700,6,MAERSK,SALLY MAERSK [604W],CIRUELA,-0.5,10,NO,,,SAN ANTONIO,HONG KONG,CONTOPSA SAI,02-02-2026,28-02-2026,26,COLLECT,CONFIRMADA,,,NORMAL,,,COPEFRUT,1,2,9,2,OK,,,
27-01-2026,5,A0675,RODRIGO CACERES,COPEFRUT,265821857,1,MNBU4532330,6,MAERSK,SALLY MAERSK [604W],CIRUELA,-0.5,10,NO,,,SAN ANTONIO,HONG KONG,CONTOPSA SAI,02-02-2026,28-02-2026,26,COLLECT,CONFIRMADA,,,NORMAL,,,COPEFRUT,1,2,9,2,OK,,,
27-01-2026,5,A0676,RODRIGO CACERES,COPEFRUT,265821843,1,MNBU3191820,6,MAERSK,SALLY MAERSK [604W],CIRUELA,-0.5,10,NO,,,SAN ANTONIO,HONG KONG,CONTOPSA SAI,02-02-2026,28-02-2026,26,COLLECT,CONFIRMADA,,,NORMAL,,,COPEFRUT,1,2,9,2,OK,,,
27-01-2026,5,A0677,RODRIGO CACERES,COPEFRUT,265821836,1,MNBU3080575,6,MAERSK,SALLY MAERSK [604W],CIRUELA,-0.5,10,NO,,,SAN ANTONIO,HONG KONG,CONTOPSA SAI,02-02-2026,28-02-2026,26,COLLECT,CONFIRMADA,,,NORMAL,,,COPEFRUT,1,2,9,2,OK,,,
27-01-2026,5,A0678,RODRIGO CACERES,COPEFRUT,265821824,1,MNBU0423942,6,MAERSK,SALLY MAERSK [604W],CIRUELA,-0.5,10,NO,,,SAN ANTONIO,HONG KONG,CONTOPSA SAI,02-02-2026,28-02-2026,26,COLLECT,CONFIRMADA,,,NORMAL,,,COPEFRUT,1,2,9,2,OK,,,
27-01-2026,5,A0679,RODRIGO CACERES,COPEFRUT,265821813,1,MNBU9154818,6,MAERSK,SALLY MAERSK [604W],CIRUELA,-0.5,10,NO,,,SAN ANTONIO,HONG KONG,CONTOPSA SAI,02-02-2026,28-02-2026,26,COLLECT,CONFIRMADA,,,NORMAL,,,COPEFRUT,1,2,9,2,OK,,,
27-01-2026,5,A0680,RODRIGO CACERES,COPEFRUT,265821802,1,MNBU0516876,6,MAERSK,SALLY MAERSK [604W],CIRUELA,-0.5,10,NO,,,SAN ANTONIO,HONG KONG,CONTOPSA SAI,02-02-2026,28-02-2026,26,COLLECT,CONFIRMADA,,,NORMAL,,,COPEFRUT,1,2,9,2,OK,,,
27-01-2026,5,A0681,RODRIGO CACERES,COPEFRUT,265821793,1,SUDU6010725,6,MAERSK,SALLY MAERSK [604W],CIRUELA,-0.5,10,NO,,,SAN ANTONIO,HONG KONG,CONTOPSA SAI,02-02-2026,28-02-2026,26,COLLECT,CONFIRMADA,,,NORMAL,,,COPEFRUT,1,2,9,2,OK,,,
27-01-2026,5,A0682,RODRIGO CACERES,COPEFRUT,265821781,1,MNBU3210046,6,MAERSK,SALLY MAERSK [604W],CIRUELA,-0.5,10,NO,,,SAN ANTONIO,HONG KONG,CONTOPSA SAI,02-02-2026,28-02-2026,26,COLLECT,CONFIRMADA,,,NORMAL,,,COPEFRUT,1,2,9,2,OK,,,
27-01-2026,5,A0683,RODRIGO CACERES,COPEFRUT,265821765,1,SUDU8224182,6,MAERSK,SALLY MAERSK [604W],CIRUELA,-0.5,10,NO,,,SAN ANTONIO,HONG KONG,CONTOPSA SAI,02-02-2026,28-02-2026,26,COLLECT,CONFIRMADA,,,NORMAL,,,COPEFRUT,1,2,9,2,OK,,,
27-01-2026,5,A0684,RODRIGO CACERES,COPEFRUT,265821749,1,MNBU3111892,6,MAERSK,SALLY MAERSK [604W],CIRUELA,-0.5,10,NO,,,SAN ANTONIO,HONG KONG,CONTOPSA SAI,02-02-2026,28-02-2026,26,COLLECT,CONFIRMADA,,,NORMAL,,,COPEFRUT,1,2,9,2,OK,,,
27-01-2026,5,A0685,RODRIGO CACERES,COPEFRUT,265821741,1,MNBU4485135,6,MAERSK,SALLY MAERSK [604W],CIRUELA,-0.5,10,NO,,,SAN ANTONIO,HONG KONG,CONTOPSA SAI,02-02-2026,28-02-2026,26,COLLECT,CONFIRMADA,,,NORMAL,,,COPEFRUT,1,2,9,2,OK,,,
27-01-2026,5,A0686,RODRIGO CACERES,COPEFRUT,265821713,1,SUDU6172407,6,MAERSK,SALLY MAERSK [604W],CIRUELA,-0.5,10,NO,,,SAN ANTONIO,HONG KONG,CONTOPSA SAI,02-02-2026,28-02-2026,26,COLLECT,CONFIRMADA,,,NORMAL,,,COPEFRUT,1,2,9,2,OK,,,
29-01-2026,5,A0687,RODRIGO CACERES,COPEFRUT,265880623,1,MNBU3482023,6,MAERSK,MAERSK BINTAN [605N],MANZANA VERDE,1,10,NO,,,VALPARAISO,BUENAVENTURA,CONTOPSA SANTIAGO,05-02-2026,20-02-2026,15,COLLECT,CONFIRMADA,,,NORMAL,,,GREEN AND FRESH S.A.S 299933325,1,2,8,2,,,,
29-01-2026,5,A0688,RODRIGO CACERES,COPEFRUT,265880713,1,MNBU0373440,6,MAERSK,MAERSK BINTAN [605N],MANZANA VERDE,1,10,NO,,,VALPARAISO,BUENAVENTURA,CONTOPSA SANTIAGO,05-02-2026,20-02-2026,15,COLLECT,CONFIRMADA,,,NORMAL,,,GREEN AND FRESH S.A.S 299933325,1,2,8,2,,,,
29-01-2026,5,A0689,RODRIGO CACERES,COPEFRUT,265880780,1,MNBU0438752,6,MAERSK,MAERSK BINTAN [605N],MANZANA VERDE,1,10,NO,,,VALPARAISO,BUENAVENTURA,CONTOPSA SANTIAGO,05-02-2026,20-02-2026,15,COLLECT,CONFIRMADA,,,NORMAL,,,GREEN AND FRESH S.A.S 299933325,1,2,8,2,,,,
29-01-2026,5,A0690,RODRIGO CACERES,COPEFRUT,265884670,1,SUDU6289688,6,MAERSK,SALLY MAERSK [604W],CIRUELA,-0.5,10,NO,,,SAN ANTONIO,HONG KONG,,02-02-2026,28-02-2026,26,COLLECT,CONFIRMADA,,,NORMAL,,,COPEFRUT,1,2,9,2,OK,,,
29-01-2026,5,A0691,RODRIGO CACERES,COPEFRUT,265884786,1,SUDU8225281,6,MAERSK,SALLY MAERSK [604W],CIRUELA,-0.5,10,NO,,,SAN ANTONIO,HONG KONG,,02-02-2026,28-02-2026,26,COLLECT,CONFIRMADA,,,NORMAL,,,COPEFRUT,1,2,9,2,OK,,,
29-01-2026,5,A0692,RODRIGO CACERES,COPEFRUT,265884779,1,MNBU3079419,6,MAERSK,SALLY MAERSK [604W],CIRUELA,-0.5,10,NO,,,SAN ANTONIO,HONG KONG,,02-02-2026,28-02-2026,26,COLLECT,CONFIRMADA,,,NORMAL,,,COPEFRUT,1,2,9,2,OK,,,
29-01-2026,5,A0693,RODRIGO CACERES,COPEFRUT,265884767,1,SUDU5225550,6,MAERSK,SALLY MAERSK [604W],CIRUELA,-0.5,10,NO,,,SAN ANTONIO,HONG KONG,,02-02-2026,28-02-2026,26,COLLECT,CONFIRMADA,,,NORMAL,,,COPEFRUT,1,2,9,2,OK,,,
29-01-2026,5,A0694,RODRIGO CACERES,COPEFRUT,265884752,1,MNBU3278792,6,MAERSK,SALLY MAERSK [604W],CIRUELA,-0.5,10,NO,,,SAN ANTONIO,HONG KONG,,02-02-2026,28-02-2026,26,COLLECT,CONFIRMADA,,,NORMAL,,,COPEFRUT,1,2,9,2,OK,,,
29-01-2026,5,A0695,RODRIGO CACERES,COPEFRUT,265884734,1,MNBU0468269,6,MAERSK,SALLY MAERSK [604W],CIRUELA,-0.5,10,NO,,,SAN ANTONIO,HONG KONG,,02-02-2026,28-02-2026,26,COLLECT,CONFIRMADA,,,NORMAL,,,COPEFRUT,1,2,9,2,OK,,,
29-01-2026,5,A0696,RODRIGO CACERES,COPEFRUT,265884723,1,MNBU4000450,6,MAERSK,SALLY MAERSK [604W],CIRUELA,-0.5,10,NO,,,SAN ANTONIO,HONG KONG,,02-02-2026,28-02-2026,26,COLLECT,CONFIRMADA,,,NORMAL,,,COPEFRUT,1,2,9,2,OK,,,
29-01-2026,5,A0697,RODRIGO CACERES,COPEFRUT,265884868,1,MNBU3749573,6,MAERSK,SALLY MAERSK [604W],CIRUELA,-0.5,10,NO,,,SAN ANTONIO,HONG KONG,,02-02-2026,28-02-2026,26,COLLECT,CONFIRMADA,,,NORMAL,,,COPEFRUT,1,2,9,2,OK,,,
29-01-2026,5,A0698,RODRIGO CACERES,COPEFRUT,265884886,1,MNBU3849607,6,MAERSK,SALLY MAERSK [604W],CIRUELA,-0.5,10,NO,,,SAN ANTONIO,HONG KONG,,02-02-2026,28-02-2026,26,COLLECT,CONFIRMADA,,,NORMAL,,,COPEFRUT,1,2,9,2,OK,,,
29-01-2026,5,A0699,RODRIGO CACERES,COPEFRUT,265884864,1,MNBU0143936,6,MAERSK,SALLY MAERSK [604W],CIRUELA,-0.5,10,NO,,,SAN ANTONIO,HONG KONG,,02-02-2026,28-02-2026,26,COLLECT,CONFIRMADA,,,NORMAL,,,COPEFRUT,1,2,9,2,OK,,,
29-01-2026,5,A0700,RODRIGO CACERES,COPEFRUT,265884848,1,MNBU0521677,6,MAERSK,SALLY MAERSK [604W],CIRUELA,-0.5,10,NO,,,SAN ANTONIO,HONG KONG,,02-02-2026,28-02-2026,26,COLLECT,CONFIRMADA,,,NORMAL,,,COPEFRUT,1,2,9,2,OK,,,
29-01-2026,5,A0701,RODRIGO CACERES,COPEFRUT,265884838,1,MNBU3535205,6,MAERSK,SALLY MAERSK [604W],CIRUELA,-0.5,10,NO,,,SAN ANTONIO,HONG KONG,,02-02-2026,28-02-2026,26,COLLECT,CONFIRMADA,,,NORMAL,,,COPEFRUT,1,2,9,2,OK,,,
29-01-2026,5,A0702,RICARDO LAZO,FENIX,EBKG15703078,1,MSDU984405-0,6,MSC ,HMM BLESSING [0037W],CIRUELA,-0.5,10,NO,,,VALPARAISO,SHANGHAI,SITRANS SAI,05-02-2026,10-03-2026,33,COLLECT,CONFIRMADA,,,NORMAL,,,ASLI,1,2,11,3,,,,
29-01-2026,5,A0703,RICARDO LAZO,FENIX,EBKG15703079,1,MEDU989846-5,6,MSC ,HMM BLESSING [0037W],CIRUELA,-0.5,10,NO,,,VALPARAISO,SHANGHAI,SITRANS SAI,05-02-2026,10-03-2026,33,COLLECT,CONFIRMADA,,,NORMAL,,,ASLI,1,2,11,3,,,,
29-01-2026,5,A0704,RICARDO LAZO,FENIX,EBKG15703320,1,MEDU913785-1,6,MSC ,HMM BLESSING [0037W],CIRUELA,-0.5,10,NO,,,VALPARAISO,SHANGHAI,SITRANS SAI,05-02-2026,10-03-2026,33,COLLECT,CONFIRMADA,,,NORMAL,,,ASLI,1,2,11,3,,,,
29-01-2026,5,A0705,RICARDO LAZO,FENIX,SCLG02867300,1,ONEU904617-0,6,ONE,HMM BLESSING [0037W],CIRUELA,-0.5,10,NO,,,VALPARAISO,SHANGHAI,SITRANS SAI,06-02-2026,11-03-2026,33,COLLECT,CONFIRMADA,,,NORMAL,,,ASLI,1,2,11,3,,,,
30-01-2026,5,A0706,RODRIGO CACERES,COPEFRUT,265928846,1,MNBU0416060,7,MAERSK,MAERSK BATUR [606N],CIRUELA,-0.5,10,NO,,,VALPARAISO,ALGECIRAS,CONTOPSA VAP,12-02-2026,11-03-2026,27,COLLECT,CONFIRMADA,,,NORMAL,,,ASLI,1,2,11,3,,,,
02-02-2026,6,A0707,RICARDO LAZO,FENIX,SAA0002403,1,FSCU592501-8,6,WAN HAI,WAN HAI 722 [W023],CIRUELA,-0.5,10,NO,,,SAN ANTONIO,SHANGHAI,MEDLOG SAI,06-02-2026,13-03-2026,35,COLLECT,CONFIRMADA,,,NORMAL,,,ASLI,2,2,11,3,,,,
02-02-2026,6,A0708,RICARDO LAZO,FENIX,SAA0002404,1,FBIU536010-0,6,WAN HAI,WAN HAI 722 [W023],CIRUELA,-0.5,10,NO,,,SAN ANTONIO,SHANGHAI,MEDLOG SAI,06-02-2026,13-03-2026,35,COLLECT,CONFIRMADA,,,NORMAL,,,ASLI,2,2,11,3,,,,
30-01-2026,5,A0709,RODRIGO CACERES,COPEFRUT,266003342,1,MNBU0080289,7,MAERSK,MAERSK BATUR [606N],CIRUELA,-0.5,10,NO,,,VALPARAISO,PHILADELPHIA,CONTOPSA VAP,12-02-2026,02-03-2026,18,COLLECT,CONFIRMADA,,,NORMAL,,,ASLI,1,2,10,3,,,,
30-01-2026,5,A0710,RODRIGO CACERES,COPEFRUT,266052843,1,MMAU1258545,7,MAERSK,MAERSK BATUR [606N],MANZANA,-0.5,10,NO,,,VALPARAISO,BUENAVENTURA,CONTOPSA VAP,12-02-2026,27-02-2026,15,COLLECT,CONFIRMADA,,,NORMAL,,,ASLI,1,2,9,2,,,,
08-01-2026,2,A0711,RODRIGO CACERES,COPEFRUT,266061276,1,TLLU1168145,7,MAERSK,CHARLOTTE MAERSK [605W],CIRUELA,-0.5,10,NO,,,SAN ANTONIO,HONG KONG,CONTOPSA SAI,11-02-2026,08-03-2026,25,COLLECT,CONFIRMADA,,,NORMAL,,,COPEFRUT,1,2,11,3,,,,
08-01-2026,2,A0712,RODRIGO CACERES,COPEFRUT,266061324,1,MNBU3626706,7,MAERSK,CHARLOTTE MAERSK [605W],CIRUELA,-0.5,10,NO,,,SAN ANTONIO,HONG KONG,CONTOPSA SAI,11-02-2026,08-03-2026,25,COLLECT,CONFIRMADA,,,,,,COPEFRUT,1,2,11,3,,,,
08-01-2026,2,A0713,RODRIGO CACERES,COPEFRUT,266061333,1,MNBU3337365,7,MAERSK,CHARLOTTE MAERSK [605W],CIRUELA,-0.5,10,NO,,,SAN ANTONIO,HONG KONG,CONTOPSA SAI,11-02-2026,08-03-2026,25,COLLECT,CONFIRMADA,,,,,,COPEFRUT,1,2,11,3,,,,
08-01-2026,2,A0714,RODRIGO CACERES,COPEFRUT,266061335,1,MWCU5338803,7,MAERSK,CHARLOTTE MAERSK [605W],CIRUELA,-0.5,10,NO,,,SAN ANTONIO,HONG KONG,CONTOPSA SAI,11-02-2026,08-03-2026,25,COLLECT,CONFIRMADA,,,,,,COPEFRUT,1,2,11,3,,,,
08-01-2026,2,A0715,RODRIGO CACERES,COPEFRUT,266061344,1,MMAU1106368,7,MAERSK,CHARLOTTE MAERSK [605W],CIRUELA,-0.5,10,NO,,,SAN ANTONIO,HONG KONG,CONTOPSA SAI,11-02-2026,08-03-2026,25,COLLECT,CONFIRMADA,,,,,,COPEFRUT,1,2,11,3,,,,
08-01-2026,2,A0716,RODRIGO CACERES,COPEFRUT,266061348,1,MNBU3286165,7,MAERSK,CHARLOTTE MAERSK [605W],CIRUELA,-0.5,10,NO,,,SAN ANTONIO,HONG KONG,CONTOPSA SAI,11-02-2026,08-03-2026,25,COLLECT,CONFIRMADA,,,,,,COPEFRUT,1,2,11,3,,,,
08-01-2026,2,A0717,RODRIGO CACERES,COPEFRUT,266061366,1,MNBU3681745,7,MAERSK,CHARLOTTE MAERSK [605W],CIRUELA,-0.5,10,NO,,,SAN ANTONIO,HONG KONG,CONTOPSA SAI,11-02-2026,08-03-2026,25,COLLECT,CONFIRMADA,,,,,,COPEFRUT,1,2,11,3,,,,
08-01-2026,2,A0718,RODRIGO CACERES,COPEFRUT,266061388,1,SUDU6069338,7,MAERSK,CHARLOTTE MAERSK [605W],CIRUELA,-0.5,10,NO,,,SAN ANTONIO,HONG KONG,CONTOPSA SAI,11-02-2026,08-03-2026,25,COLLECT,CONFIRMADA,,,,,,COPEFRUT,1,2,11,3,,,,
08-01-2026,2,A0719,RODRIGO CACERES,COPEFRUT,266061377,1,MNBU9140769,7,MAERSK,CHARLOTTE MAERSK [605W],CIRUELA,-0.5,10,NO,,,SAN ANTONIO,HONG KONG,CONTOPSA SAI,11-02-2026,08-03-2026,25,COLLECT,CONFIRMADA,,,,,,COPEFRUT,1,2,11,3,,,,
08-01-2026,2,A0720,RODRIGO CACERES,COPEFRUT,266062422,1,MMAU1097604,7,MAERSK,CHARLOTTE MAERSK [605W],CIRUELA,-0.5,10,NO,,,SAN ANTONIO,HONG KONG,CONTOPSA SAI,11-02-2026,08-03-2026,25,COLLECT,CONFIRMADA,,,,,,COPEFRUT,1,2,11,3,,,,
08-01-2026,2,A0721,RODRIGO CACERES,COPEFRUT,266061395,1,SUDU8118112,7,MAERSK,CHARLOTTE MAERSK [605W],CIRUELA,-0.5,10,NO,,,SAN ANTONIO,HONG KONG,CONTOPSA SAI,11-02-2026,08-03-2026,25,COLLECT,CONFIRMADA,,,,,,COPEFRUT,1,2,11,3,,,,
08-01-2026,2,A0722,RODRIGO CACERES,COPEFRUT,266061445,1,MNBU0562125,7,MAERSK,CHARLOTTE MAERSK [605W],CIRUELA,-0.5,10,NO,,,SAN ANTONIO,HONG KONG,CONTOPSA SAI,11-02-2026,08-03-2026,25,COLLECT,CONFIRMADA,,,,,,COPEFRUT,1,2,11,3,,,,
08-01-2026,2,A0723,RODRIGO CACERES,COPEFRUT,266061439,1,SUDU8006597,7,MAERSK,CHARLOTTE MAERSK [605W],CIRUELA,-0.5,10,NO,,,SAN ANTONIO,HONG KONG,CONTOPSA SAI,11-02-2026,08-03-2026,25,COLLECT,CONFIRMADA,,,,,,COPEFRUT,1,2,11,3,,,,
08-01-2026,2,A0724,RODRIGO CACERES,COPEFRUT,266061433,1,MNBU0280625,7,MAERSK,CHARLOTTE MAERSK [605W],CIRUELA,-0.5,10,NO,,,SAN ANTONIO,HONG KONG,CONTOPSA SAI,11-02-2026,08-03-2026,25,COLLECT,CONFIRMADA,,,,,,COPEFRUT,1,2,11,3,,,,
08-01-2026,2,A0725,RODRIGO CACERES,COPEFRUT,266061419,1,MNBU3183402,7,MAERSK,CHARLOTTE MAERSK [605W],CIRUELA,-0.5,10,NO,,,SAN ANTONIO,HONG KONG,CONTOPSA SAI,11-02-2026,08-03-2026,25,COLLECT,CONFIRMADA,,,,,,COPEFRUT,1,2,11,3,,,,
08-01-2026,2,A0726,RODRIGO CACERES,COPEFRUT,266061404,1,MNBU3265814,7,MAERSK,CHARLOTTE MAERSK [605W],CIRUELA,-0.5,10,NO,,,SAN ANTONIO,HONG KONG,CONTOPSA SAI,11-02-2026,08-03-2026,25,COLLECT,CONFIRMADA,,,,,,COPEFRUT,1,2,11,3,,,,
08-01-2026,2,A0727,RODRIGO CACERES,COPEFRUT,266062430,1,MNBU3070812,7,MAERSK,CHARLOTTE MAERSK [605W],CIRUELA,-0.5,10,NO,,,SAN ANTONIO,HONG KONG,CONTOPSA SAI,11-02-2026,08-03-2026,25,COLLECT,CONFIRMADA,,,,,,COPEFRUT,1,2,11,3,,,,
08-01-2026,2,A0728,RODRIGO CACERES,COPEFRUT,266062424,1,MNBU0069377,7,MAERSK,CHARLOTTE MAERSK [605W],CIRUELA,-0.5,10,NO,,,SAN ANTONIO,HONG KONG,CONTOPSA SAI,11-02-2026,08-03-2026,25,COLLECT,CONFIRMADA,,,,,,COPEFRUT,1,2,9,2,,,,
08-01-2026,2,A0729,RODRIGO CACERES,COPEFRUT,266062474,1,MNBU3760660,7,MAERSK,CHARLOTTE MAERSK [605W],CIRUELA,-0.5,10,NO,,,SAN ANTONIO,HONG KONG,CONTOPSA SAI,11-02-2026,08-03-2026,25,COLLECT,CONFIRMADA,,,,,,COPEFRUT,1,2,9,2,,,,
08-01-2026,2,A0730,RODRIGO CACERES,COPEFRUT,266061427,1,MNBU9076973,7,MAERSK,CHARLOTTE MAERSK [605W],CIRUELA,-0.5,10,NO,,,SAN ANTONIO,HONG KONG,CONTOPSA SAI,11-02-2026,08-03-2026,25,COLLECT,CONFIRMADA,,,,,,COPEFRUT,1,2,9,2,,,,
30-01-2026,5,A0731,RODRIGO CACERES,COPEFRUT,266059559,1,MNBU3851477,7,MAERSK,MAERSK BATUR [606N],MANZANA,-0.5,30,NO,,,VALPARAISO,PUERTO CALDERA,CONTOPSA VAP,12-02-2026,24-02-2026,12,COLLECT,CONFIRMADA,,,NORMAL,,,ASLI,1,2,9,2,,,,
30-01-2026,5,A0732,RODRIGO CACERES,COPEFRUT,266104716,1,MNBU3099816,7,MAERSK,MAERSK BATUR [606N],MANZANA,-0.5,30,NO,,,VALPARAISO,BUENAVENTURA,CONTOPSA VAP,12-02-2026,27-02-2026,15,COLLECT,CONFIRMADA,,,NORMAL,,,GREEN AND FRESH SAS,1,2,9,2,,,,
30-01-2026,5,A0733,RODRIGO CACERES,COPEFRUT,266104812,1,SUDU6290246,7,MAERSK,MAERSK BATUR [606N],MANZANA,1,10,NO,,,VALPARAISO,BUENAVENTURA,CONTOPSA VAP,12-02-2026,27-02-2026,15,COLLECT,CONFIRMADA,,,NORMAL,,,GREEN AND FRESH SAS,1,2,9,2,,,,
30-01-2026,5,A0734,RODRIGO CACERES,COPEFRUT,266104895,1,TLLU1225055,7,MAERSK,MAERSK BATUR [606N],MANZANA,1,10,NO,,,VALPARAISO,BUENAVENTURA,CONTOPSA VAP,12-02-2026,27-02-2026,15,COLLECT,CONFIRMADA,,,NORMAL,,,GREEN AND FRESH SAS,1,2,9,2,,,,
04-02-2026,6,A0001,RICARDO LAZO,FENIX,EBKG15752141,1,TEMU967085-8,7,MSC,MSC JUSTICE VII [GY604R],CIRUELA,-0.5,10,NO,,,SAN ANTONIO,SHANGHAI,MEDLOG STGO,11-02-2026,08-03-2026,25,COLLECT,CONFIRMADA,,,NORMAL,,,ASLI,2,2,11,3,,,,
04-02-2026,6,A0002,RICARDO LAZO,FENIX,EBKG15752142,1,TRIU856876-7,7,MSC,MSC JUSTICE VII [GY604R],CIRUELA,-0.5,10,NO,,,SAN ANTONIO,SHANGHAI,MEDLOG STGO,11-02-2026,08-03-2026,25,COLLECT,CONFIRMADA,,,NORMAL,,,ASLI,2,2,11,3,,,,
04-02-2026,6,A0003,RICARDO LAZO,FENIX,EBKG15752209,1,TEMU946260-1,7,MSC,MSC JUSTICE VII [GY604R],CIRUELA,-0.5,10,NO,,,SAN ANTONIO,SHANGHAI,MEDLOG STGO,11-02-2026,08-03-2026,25,COLLECT,CONFIRMADA,,,NORMAL,,,ASLI,2,2,11,3,,,,
04-02-2026,6,A0004,RODRIGO CACERES,COPEFRUT,266114825,1,MNBU3041012,7,MAERSK,MAERSK BATUR [606N],CIRUELA,-0.5,10,NO,,,VALPARAISO,BALBOA,CONTOPSA VAP,12-02-2026,20-02-2026,8,COLLECT,CONFIRMADA,,,NORMAL,,,ASLI,2,2,8,2,,,,
04-02-2026,6,A0005,RODRIGO CACERES,COPEFRUT,266115247,1,SUDU6194258,7,MAERSK,MAERSK BATUR [606N],MANZANA,1,10,NO,,,VALPARAISO,BUENAVENTURA,CONTOPSA VAP,12-02-2026,27-02-2026,15,COLLECT,CONFIRMADA,,,NORMAL,,,GREEN AND FRESH SAS,2,2,9,2,,,,
05-02-2026,6,A0006,RICARDO LAZO,FENIX,SCLG03396800,1,ONEU930380-6,7,ONE,MANZANILLO EXPRESS,CIRUELA,-0.5,10,NO,,,VALPARAISO,HONG KONG,SITRANS VAP,13-02-2026,08-03-2026,23,COLLECT,CONFIRMADA,,,NORMAL,,,ASLI,2,2,11,3,,,,
08-01-2026,2,A0007,RODRIGO CACERES,COPEFRUT,266156168,1,MNBU3652351,7,MAERSK,CHARLOTTE MAERSK [605W],CIRUELA,-0.5,10,NO,,,SAN ANTONIO,HONG KONG,CONTOPSA SAI,11-02-2026,08-03-2026,25,COLLECT,CONFIRMADA,,,,,,ASLI,1,2,11,3,,,,
08-01-2026,2,A0008,RODRIGO CACERES,COPEFRUT,266156410,1,MNBU3462536,7,MAERSK,CHARLOTTE MAERSK [605W],CIRUELA,-0.5,10,NO,,,SAN ANTONIO,HONG KONG,CONTOPSA SAI,11-02-2026,08-03-2026,25,COLLECT,CONFIRMADA,,,,,,ASLI,1,2,11,3,,,,
08-01-2026,2,A0009,RODRIGO CACERES,COPEFRUT,266156426,1,MNBU0615539,7,MAERSK,CHARLOTTE MAERSK [605W],CIRUELA,-0.5,10,NO,,,SAN ANTONIO,HONG KONG,CONTOPSA SAI,11-02-2026,08-03-2026,25,COLLECT,CONFIRMADA,,,,,,ASLI,1,2,11,3,,,,
08-01-2026,2,A0010,RODRIGO CACERES,COPEFRUT,266156447,1,MNBU4404730,7,MAERSK,CHARLOTTE MAERSK [605W],CIRUELA,-0.5,10,NO,,,SAN ANTONIO,HONG KONG,CONTOPSA SAI,11-02-2026,08-03-2026,25,COLLECT,CONFIRMADA,,,,,,ASLI,1,2,11,3,,,,
08-01-2026,2,A0011,RODRIGO CACERES,COPEFRUT,266156472,1,TLLU1224906,7,MAERSK,CHARLOTTE MAERSK [605W],CIRUELA,-0.5,10,NO,,,SAN ANTONIO,HONG KONG,CONTOPSA SAI,11-02-2026,08-03-2026,25,COLLECT,CONFIRMADA,,,,,,ASLI,1,2,11,3,,,,
08-01-2026,2,A0012,RODRIGO CACERES,COPEFRUT,266156458,1,MNBU0535109,7,MAERSK,CHARLOTTE MAERSK [605W],CIRUELA,-0.5,10,NO,,,SAN ANTONIO,HONG KONG,CONTOPSA SAI,11-02-2026,08-03-2026,25,COLLECT,CONFIRMADA,,,,,,ASLI,1,2,11,3,,,,
08-01-2026,2,A0013,RODRIGO CACERES,COPEFRUT,266156631,1,MNBU3773559,7,MAERSK,CHARLOTTE MAERSK [605W],CIRUELA,-0.5,10,NO,,,SAN ANTONIO,HONG KONG,CONTOPSA SAI,11-02-2026,08-03-2026,25,COLLECT,CONFIRMADA,,,,,,ASLI,1,2,11,3,,,,
08-01-2026,2,A0014,RODRIGO CACERES,COPEFRUT,266156685,1,MNBU3032134,7,MAERSK,CHARLOTTE MAERSK [605W],CIRUELA,-0.5,10,NO,,,SAN ANTONIO,HONG KONG,CONTOPSA SAI,11-02-2026,08-03-2026,25,COLLECT,CONFIRMADA,,,,,,ASLI,1,2,11,3,,,,
08-01-2026,2,A0015,RODRIGO CACERES,COPEFRUT,266156723,1,SUDU8174836,7,MAERSK,CHARLOTTE MAERSK [605W],CIRUELA,-0.5,10,NO,,,SAN ANTONIO,HONG KONG,CONTOPSA SAI,11-02-2026,08-03-2026,25,COLLECT,CONFIRMADA,,,,,,ASLI,1,2,11,3,,,,
08-01-2026,2,A0016,RODRIGO CACERES,COPEFRUT,266156708,1,SUDU6254439,7,MAERSK,CHARLOTTE MAERSK [605W],CIRUELA,-0.5,10,NO,,,SAN ANTONIO,HONG KONG,CONTOPSA SAI,11-02-2026,08-03-2026,25,COLLECT,CONFIRMADA,,,,,,ASLI,1,2,11,3,,,,
08-01-2026,2,A0017,RODRIGO CACERES,COPEFRUT,266156845,1,MNBU4470310,7,MAERSK,CHARLOTTE MAERSK [605W],CIRUELA,-0.5,10,NO,,,SAN ANTONIO,HONG KONG,CONTOPSA SAI,11-02-2026,08-03-2026,25,COLLECT,CONFIRMADA,,,,,,ASLI,1,2,11,3,,,,
08-01-2026,2,A0018,RODRIGO CACERES,COPEFRUT,266156860,1,MNBU3262380,7,MAERSK,CHARLOTTE MAERSK [605W],CIRUELA,-0.5,10,NO,,,SAN ANTONIO,HONG KONG,CONTOPSA SAI,11-02-2026,08-03-2026,25,COLLECT,CONFIRMADA,,,,,,ASLI,1,2,11,3,,,,
08-01-2026,2,A0019,RODRIGO CACERES,COPEFRUT,266156879,1,SUDU9011047,7,MAERSK,CHARLOTTE MAERSK [605W],CIRUELA,-0.5,10,NO,,,SAN ANTONIO,HONG KONG,CONTOPSA SAI,11-02-2026,08-03-2026,25,COLLECT,CONFIRMADA,,,,,,ASLI,1,2,11,3,,,,
08-01-2026,2,A0020,RODRIGO CACERES,COPEFRUT,266156896,1,MNBU4010130,7,MAERSK,CHARLOTTE MAERSK [605W],CIRUELA,-0.5,10,NO,,,SAN ANTONIO,HONG KONG,CONTOPSA SAI,11-02-2026,08-03-2026,25,COLLECT,CONFIRMADA,,,,,,ASLI,1,2,11,3,,,,
08-01-2026,2,A0021,RODRIGO CACERES,COPEFRUT,266156905,1,SUDU6219398,7,MAERSK,CHARLOTTE MAERSK [605W],CIRUELA,-0.5,10,NO,,,SAN ANTONIO,HONG KONG,CONTOPSA SAI,11-02-2026,08-03-2026,25,COLLECT,CONFIRMADA,,,,,,ASLI,1,2,11,3,,,,
08-01-2026,2,A0022,RODRIGO CACERES,COPEFRUT,266156938,1,SUDU6192105,7,MAERSK,CHARLOTTE MAERSK [605W],CIRUELA,-0.5,10,NO,,,SAN ANTONIO,HONG KONG,CONTOPSA SAI,11-02-2026,08-03-2026,25,COLLECT,CONFIRMADA,,,,,,ASLI,1,2,11,3,,,,
08-01-2026,2,A0023,RODRIGO CACERES,COPEFRUT,266156308,1,MNBU4296698,7,MAERSK,CHARLOTTE MAERSK [605W],CIRUELA,-0.5,10,SI,,,SAN ANTONIO,HONG KONG,CONTOPSA SAI,11-02-2026,08-03-2026,25,COLLECT,CONFIRMADA,,,,,,ASLI,1,2,11,3,,,,
08-01-2026,2,A0024,RODRIGO CACERES,COPEFRUT,266163877,1,TEMU9757006,8,MAERSK,JAIPUR MEARSK [2608],CIRUELA,-0.5,10,NO,,,VALPARAISO,ALGECIRAS,CONTOPSA SAI,19-02-2026,18-03-2026,27,COLLECT,CONFIRMADA,,,,,,ASLI,1,2,12,3,,,,
06-02-2026,6,A0025,RICARDO LAZO,FENIX,SAA0002436,1,OTPU683886-1,7,WAN HAI,WAN HAI 613 [W073],CIRUELA,-0.5,10,NO,,,SAN ANTONIO,SHANGHAI,SITRANS SAI,13-02-2026,21-03-2026,36,COLLECT,CONFIRMADA,,,NORMAL,,,ASLI,2,2,12,3,,,,
06-02-2026,6,A0026,RICARDO LAZO,FENIX,SAA0002437,1,OTPU684271-1,7,WAN HAI,WAN HAI 613 [W073],CIRUELA,-0.5,10,NO,,,SAN ANTONIO,SHANGHAI,SITRANS SAI,13-02-2026,21-03-2026,36,COLLECT,CONFIRMADA,,,NORMAL,,,ASLI,2,2,12,3,,,,
06-02-2026,6,A0027,RODRIGO CACERES,COPEFRUT,266211888,1,MNBU3907299,7,MAERSK,MAERSK BATUR [606N],CIRUELA,-0.5,10,NO,,,VALPARAISO,ROTTERDAM,CONTOPSA VAP,12-02-2026,09-03-2026,25,COLLECT,CONFIRMADA,,,LATE,,,GREEN AND FRESH SAS,2,2,11,3,,,,
06-02-2026,6,A0028,RODRIGO CACERES,COPEFRUT,266214238,1,SUDU8107294,8,MAERSK,CLIFFORD MAERSK [606W],CIRUELA,-0.5,10,NO,,,SAN ANTONIO,HONG KONG,CONTOPSA SAI,18-02-2026,14-03-2026,24,COLLECT,CONFIRMADA,,,NORMAL,,,COPEFRUT,2,2,11,3,,,,
06-02-2026,6,A0029,RODRIGO CACERES,COPEFRUT,266214244,1,MNBU0247782,8,MAERSK,CLIFFORD MAERSK [606W],CIRUELA,-0.5,10,NO,,,SAN ANTONIO,HONG KONG,CONTOPSA SAI,18-02-2026,14-03-2026,24,COLLECT,CONFIRMADA,,,NORMAL,,,COPEFRUT,2,2,11,3,,,,
06-02-2026,6,A0030,RODRIGO CACERES,COPEFRUT,266214235,1,,8,MAERSK,CLIFFORD MAERSK [606W],CIRUELA,-0.5,10,NO,,,SAN ANTONIO,HONG KONG,CONTOPSA SAI,18-02-2026,14-03-2026,24,COLLECT,CANCELADO,,,NORMAL,,,COPEFRUT,2,2,11,3,,,,
06-02-2026,6,A0031,RODRIGO CACERES,COPEFRUT,266214276,1,,8,MAERSK,CLIFFORD MAERSK [606W],CIRUELA,-0.5,10,NO,,,SAN ANTONIO,HONG KONG,CONTOPSA SAI,18-02-2026,14-03-2026,24,COLLECT,CANCELADO,,,NORMAL,,,COPEFRUT,2,2,11,3,,,,
06-02-2026,6,A0032,RODRIGO CACERES,COPEFRUT,266214185,1,,8,MAERSK,CLIFFORD MAERSK [606W],CIRUELA,-0.5,10,NO,,,SAN ANTONIO,HONG KONG,CONTOPSA SAI,18-02-2026,14-03-2026,24,COLLECT,CANCELADO,,,NORMAL,,,COPEFRUT,2,2,11,3,,,,
06-02-2026,6,A0033,RODRIGO CACERES,COPEFRUT,266214210,1,,8,MAERSK,CLIFFORD MAERSK [606W],MANZANA,-0.5,30,NO,,,SAN ANTONIO,HONG KONG,CONTOPSA SAI,18-02-2026,14-03-2026,24,COLLECT,CANCELADO,,,NORMAL,,,COPEFRUT,2,2,11,3,,,,
09-02-2026,7,A0034,RICARDO LAZO,FENIX,EBKG15812379,1,TRIU875946-5,8,MSC,MSC SILVANA VIII [GY605R],CIRUELA,-0.5,10,NO,,,SAN ANTONIO,SHANGHAI,MEDLOG SAI,17-02-2026,20-03-2026,31,COLLECT,CONFIRMADA,,,NORMAL,,,ASLI,2,2,12,3,,,,
09-02-2026,7,A0035,RICARDO LAZO,FENIX,EBKG15812380,1,CXRU120022-5,8,MSC,MSC SILVANA VIII [GY605R],CIRUELA,-0.5,10,NO,,,SAN ANTONIO,SHANGHAI,MEDLOG SAI,17-02-2026,20-03-2026,31,COLLECT,CONFIRMADA,,,NORMAL,,,ASLI,2,2,12,3,,,,
09-02-2026,7,A0036,RICARDO LAZO,FENIX,EBKG15812381,1,MEDU915110-0,8,MSC,MSC SILVANA VIII [GY605R],CIRUELA,-0.5,10,NO,,,SAN ANTONIO,SHANGHAI,MEDLOG SAI,17-02-2026,20-03-2026,31,COLLECT,CONFIRMADA,,,NORMAL,,,ASLI,2,2,12,3,,,,
09-02-2026,7,A0037,RICARDO LAZO,FENIX,EBKG15814310,1,CRSU611933-3,8,MSC,MSC SILVANA VIII [GY605R],CIRUELA,-0.5,10,NO,,,SAN ANTONIO,SHANGHAI,MEDLOG VAP,17-02-2026,20-03-2026,31,COLLECT,CONFIRMADA,,,NORMAL,,,ASLI,2,2,12,3,,,,
09-02-2026,7,A0038,RICARDO LAZO,FENIX,EBKG15814311,1,SEGU912004-8,8,MSC,MSC SILVANA VIII [GY605R],CIRUELA,-0.5,10,NO,,,SAN ANTONIO,SHANGHAI,MEDLOG VAP,17-02-2026,20-03-2026,31,COLLECT,CONFIRMADA,,,NORMAL,,,ASLI,2,2,12,3,,,,
10-02-2026,7,A0039,RODRIGO CACERES,COPEFRUT,266323161,,,8,MAERSK,JAIPUR MEARSK [2608],MANZANA,-0.5,30,NO,,,VALPARAISO,BUENAVENTURA,CONTOPSA SAI,19-02-2026,06-03-2026,15,COLLECT,CANCELADO,,,NORMAL,,,ASLI,2,2,10,3,,,,
10-02-2026,7,A0040,RODRIGO CACERES,COPEFRUT,266323223,,,8,MAERSK,JAIPUR MEARSK [2608],MANZANA,-0.5,30,NO,,,VALPARAISO,BUENAVENTURA,CONTOPSA SAI,19-02-2026,06-03-2026,15,COLLECT,CANCELADO,,,NORMAL,,,ASLI,2,2,10,3,,,,
"10-02-2026,7,A0041,RODRIGO CACERES,COPEFRUT,266327533,3,""MMAU1126940"
MNBU3605365
"SUDU6205959"",8,MAERSK,JAIPUR MAERSK [2608],MANZANA,-0.5,30,NO,,,VALPARAISO,BUENAVENTURA,CONTOPSA VAP,19-02-2026,06-03-2026,15,COLLECT,CONFIRMADA,,,NORMAL,,,ASLI,2,2,10,3,,,,"
"10-02-2026,7,A0042,RODRIGO CACERES,COPEFRUT,266323330,2,""SUDU8044977"
"MMAU1055804"",8,MAERSK,JAIPUR MAERSK [2608],MANZANA,1,10,NO,,,VALPARAISO,BUENAVENTURA,CONTOPSA VAP,19-02-2026,06-03-2026,15,COLLECT,CONFIRMADA,,,NORMAL,,,ASLI,2,2,10,3,,,,"
10-02-2026,7,A0043,RODRIGO CACERES,COPEFRUT,266323369,,,8,MAERSK,JAIPUR MEARSK [2608],MANZANA,1,10,NO,,,VALPARAISO,BUENAVENTURA,CONTOPSA SAI,19-02-2026,06-03-2026,15,COLLECT,CANCELADO,,,NORMAL,,,ASLI,2,2,10,3,,,,
11-02-2026,7,A0044,POLIANA CISTERNAS,COPRAMAR,SAA0002465,,,,WAN HAI,YM ENLIGTHENMENT,ARANDANO,-18,0,NO,,,SAN ANTONIO,TOKYO,SITRANS SAI,,,,PREPAID,CONFIRMADA,,,NORMAL,,,ASLI,2,,,,,,,
11-02-2026,7,A0045,POLIANA CISTERNAS,COPRAMAR,SAA0002466,,,,WAN HAI,YM ENLIGTHENMENT,ARANDANO,-18,0,NO,,,SAN ANTONIO,TOKYO,SITRANS SAI,,,,PREPAID,CONFIRMADA,,,NORMAL,,,ASLI,2,,,,,,,
11-02-2026,7,A0046,POLIANA CISTERNAS,COPRAMAR,SAA0002463,,,,WAN HAI,WAN HAI V02,ARANDANO,-18,0,NO,,,SAN ANTONIO,TOKYO,SITRANS SAI,,,,PREPAID,CONFIRMADA,,,NORMAL,,,ASLI,2,,,,,,,
11-02-2026,7,A0047,POLIANA CISTERNAS,COPRAMAR,SAA0002464,,,,WAN HAI,WAN HAI V02,ARANDANO,-18,0,NO,,,SAN ANTONIO,TOKYO,SITRANS SAI,,,,PREPAID,cancelado,,,NORMAL,,,ASLI,2,,,,,,,
11-02-2026,7,A0048,RODRIGO CACERES,COPEFRUT,266378680,1,MMAU1149605,8,MAERSK,JAIPUR MAERSK [2608],MANZANA,-0.5,30,NO,,,VALPARAISO,PUERTO CALDERA,CONTOPSA SAI,19-02-2026,10-03-2026,19,COLLECT,CONFIRMADA,,,NORMAL,,,ASLI,2,2,11,3,,,,
11-02-2026,7,A0049,RODRIGO CACERES,COPEFRUT,266378648,1,MNBU4236071,8,MAERSK,JAIPUR MAERSK [2608],MANZANA,-0.5,30,NO,,,VALPARAISO,PUERTO CORTES,CONTOPSA SAI,19-02-2026,06-03-2026,15,COLLECT,CONFIRMADA,,,NORMAL,,,ASLI,2,2,10,3,,,,
12-02-2026,7,A0050,RODRIGO CACERES,COPEFRUT,266415602,1,MNBU3819639,8,MAERSK,JAIPUR MAERSK [2608],CIRUELA,-0.5,10,NO,,,VALPARAISO,ALGECIRAS,CONTOPSA SAI,19-02-2026,18-03-2026,27,COLLECT,CONFIRMADA,,,NORMAL,,,ASLI,2,2,12,3,,,,
13-02-2026,7,A0051,RICARDO LAZO,FENIX,SAA0002490,1,OTPU620095-9,8,WAN HAI,YM ENLIGHTENMENT [W091],CIRUELA,-0.5,10,NO,,,SAN ANTONIO,SHANGHAI,MEDLOG SAI,20-02-2026,28-03-2026,36,COLLECT,CONFIRMADA,,,NORMAL,,,ASLI,2,2,13,3,,,,
13-02-2026,7,A0052,RICARDO LAZO,FENIX,SAA0002491,1,OTPU625843-6,8,WAN HAI,YM ENLIGHTENMENT [W091],CIRUELA,-0.5,10,NO,,,SAN ANTONIO,SHANGHAI,MEDLOG SAI,20-02-2026,28-03-2026,36,COLLECT,CONFIRMADA,,,NORMAL,,,ASLI,2,2,13,3,,,,
13-02-2026,7,A0053,RICARDO LAZO,FENIX,SAA0002492,1,OTPU619570-2,8,WAN HAI,YM ENLIGHTENMENT [W091],CIRUELA,-0.5,10,NO,,,SAN ANTONIO,SHANGHAI,MEDLOG SAI,20-02-2026,28-03-2026,36,COLLECT,CONFIRMADA,,,NORMAL,,,ASLI,2,2,13,3,,,,
13-02-2026,7,A0054,RODRIGO CACERES,COPEFRUT,266506279,,,9,MAERSK,MAERSK SKARSTIND [607W],CIRUELA,-0.5,10,NO,,,SAN ANTONIO,HONG KONG,CONTOPSA SAI,25-02-2026,21-03-2026,24,COLLECT,CANCELADO,,,NORMAL,,,ASLI,2,2,12,3,,,,
13-02-2026,7,A0055,RODRIGO CACERES,COPEFRUT,266506335,,,9,MAERSK,MAERSK SKARSTIND [607W],CIRUELA,-0.5,10,NO,,,SAN ANTONIO,HONG KONG,CONTOPSA SAI,25-02-2026,21-03-2026,24,COLLECT,CANCELADO,,,NORMAL,,,ASLI,2,2,12,3,,,,
13-02-2026,7,A0056,RODRIGO CACERES,COPEFRUT,266506459,,,9,MAERSK,MAERSK SKARSTIND [607W],CIRUELA,-0.5,10,NO,,,SAN ANTONIO,HONG KONG,CONTOPSA SAI,25-02-2026,21-03-2026,24,COLLECT,CANCELADO,,,NORMAL,,,ASLI,2,2,12,3,,,,
13-02-2026,7,A0057,RODRIGO CACERES,COPEFRUT,266506518,,,9,MAERSK,MAERSK SKARSTIND [607W],CIRUELA,-0.5,10,NO,,,SAN ANTONIO,HONG KONG,CONTOPSA SAI,25-02-2026,21-03-2026,24,COLLECT,CANCELADO,,,NORMAL,,,ASLI,2,2,12,3,,,,
16-02-2026,8,A0058,RODRIGO CACERES,COPEFRUT,266511807,1,MNBU4282293,9,MAERSK,MAERSK BATAM [608N],MANZANA,-0.5,30,NO,,,VALPARAISO,BUENAVENTURA,CONTOPSA VAP,26-02-2026,13-03-2026,15,PREPAID,CONFIRMADA,,,NORMAL,,,ASLI,2,2,11,3,,,,
16-02-2026,8,A0059,RICARDO LAZO,FENIX,SAA0002495,1,FBIU538507-4,8,WAN HAI,YM ENLIGHTENMENT [W091],CIRUELA,-0.5,10,NO,,,SAN ANTONIO,SHANGHAI,MEDLOG SAI,20-02-2026,28-03-2026,36,COLLECT,CONFIRMADA,,,NORMAL,,,ASLI,12,,,,,,,
17-02-2026,8,A0060,RODRIGO CACERES,COPEFRUT,266545444,1,MNBU0213484,9,MAERSK,MAERSK BATAM [608N],CIRUELA,-0.5,10,NO,,,VALPARAISO,VADO LIGURE,CONTOPSA SAI,26-02-2026,30-03-2026,32,COLLECT,CONFIRMADA,,,NORMAL,,,ASLI,2,2,14,3,,,,
17-02-2026,8,A0061,RODRIGO CACERES,COPEFRUT,266545466,,,9,MAERSK,MAERSK BATAM [608N],CIRUELA,-0.5,10,NO,,,VALPARAISO,VADO LIGURE,CONTOPSA SAI,26-02-2026,30-03-2026,32,COLLECT,CANCELADO,,,NORMAL,,,ASLI,2,2,14,3,,,,
18-02-2026,8,A0062,RODRIGO CACERES,COPEFRUT,266566248,1,MMAU1054536,9,MAERSK,MAERSK BATAM [608N],CIRUELA,-0.5,10,NO,,,VALPARAISO,ROTTERDAM,CONTOPSA VAP,26-02-2026,23-03-2026,25,COLLECT,CONFIRMADA,,,NORMAL,,,ASLI,2,2,13,3,,,,
18-02-2026,8,A0063,RODRIGO CACERES,COPEFRUT,266566328,1,MNBU3692457,9,MAERSK,MAERSK BATAM [608N],CIRUELA,-0.5,10,NO,,,VALPARAISO,ROTTERDAM,CONTOPSA VAP,26-02-2026,23-03-2026,25,COLLECT,CONFIRMADA,,,NORMAL,,,ASLI,2,2,13,3,,,,
18-02-2026,8,A0064,RODRIGO CACERES,COPEFRUT,266566063,,,9,MAERSK,MAERSK BATAM [608N],CIRUELA,-0.5,10,NO,,,VALPARAISO,ALGECIRAS,CONTOPSA VAP,26-02-2026,25-03-2026,27,COLLECT,CANCELADO,,,NORMAL,,,ASLI,2,2,13,3,,,,
18-02-2026,8,A0065,RODRIGO CACERES,COPEFRUT,266568926,1,MNBU3890447,9,MAERSK,MAERSK BATAM [608N],MANZANA,-0.5,30,NO,,,VALPARAISO,BUENAVENTURA,CONTOPSA VAP,26-02-2026,13-03-2026,15,COLLECT,CONFIRMADA,,,NORMAL,,,299262739,2,2,11,3,,,,
18-02-2026,8,A0066,RODRIGO CACERES,COPEFRUT,266568985,1,MNBU3885034,9,MAERSK,MAERSK BATAM [608N],MANZANA,-0.5,30,NO,,,VALPARAISO,BUENAVENTURA,CONTOPSA VAP,26-02-2026,13-03-2026,15,COLLECT,CONFIRMADA,,,NORMAL,,,299262739,2,2,11,3,,,,
18-02-2026,8,A0067,RODRIGO CACERES,COPEFRUT,266569025,1,MNBU3489687,9,MAERSK,MAERSK BATAM [608N],MANZANA,-0.5,30,NO,,,VALPARAISO,BUENAVENTURA,CONTOPSA VAP,26-02-2026,13-03-2026,15,COLLECT,CONFIRMADA,,,NORMAL,,,299262739,2,2,11,3,,,,
18-02-2026,8,A0068,RODRIGO CACERES,COPEFRUT,SIN ASIGNACION,,,9,MAERSK,MAERSK BATAM [608N],MANZANA,-0.5,30,NO,,,VALPARAISO,BARRANQUILLA,CONTOPSA VAP,26-02-2026,15-03-2026,17,COLLECT,CONFIRMADA,,,NORMAL,,,299262739,2,2,12,3,,,,
"19-02-2026,8,A0069,HANS VASQUEZ,EXPORTADORA DEL SUR,C987033560,1,YMLU5489665,,YANG MING,WAN HAI V02,CIRUELA,-1,15,NO,,,SAN ANTONIO,NHAVA SHEVA,AGUNSA SAI,,,,PREPAID,CONFIRMADA,,23-02-2026,NORMAL,,,ASLI,12,,,,,,""CIF, PREPAID, TARIFA NETA"","
26-02-2026,9,A0070,RODRIGO CACERES,COPEFRUT,266685036,,,10,MAERSK,FORT DESAIX [609N],MANZANA,1,10,NO,,,VALPARAISO,BUENAVENTURA,CONTOPSA SAI,05-03-2026,20-03-2026,15,COLLECT,CONFIRMADA,,,NORMAL,,,GREEN AND FRESH,2,3,12,3,,,,
19-02-2026,8,A0071,RODRIGO CACERES,COPEFRUT,266685117,,,10,MAERSK,FORT DESAIX [609N],MANZANA,1,10,NO,,,VALPARAISO,BUENAVENTURA,CONTOPSA SAI,05-03-2026,20-03-2026,15,COLLECT,CONFIRMADA,,,NORMAL,,,GREEN AND FRESH,2,3,12,3,,,,
19-02-2026,8,A0072,RODRIGO CACERES,COPEFRUT,266685419,,,10,MAERSK,FORT DESAIX [609N],MANZANA,-0.5,30,NO,,,VALPARAISO,BUENAVENTURA,CONTOPSA SAI,05-03-2026,20-03-2026,15,COLLECT,CONFIRMADA,,,NORMAL,,,GREEN AND FRESH,2,3,12,3,,,,
19-02-2026,8,A0073,RODRIGO CACERES,COPEFRUT,266685454,,,10,MAERSK,FORT DESAIX [609N],MANZANA,-0.5,30,NO,,,VALPARAISO,BUENAVENTURA,CONTOPSA SAI,05-03-2026,20-03-2026,15,COLLECT,CONFIRMADA,,,NORMAL,,,GREEN AND FRESH,2,3,12,3,,,,
19-02-2026,8,A0074,RODRIGO CACERES,COPEFRUT,266634056,,,9,MAERSK,FORT DESAIX [609N],MANZANA,-0.5,30,NO,,,VALPARAISO,HELSINKI,CONTOPSA VAP,05-03-2026,07-04-2026,33,COLLECT,CONFIRMADA,,,NORMAL,,,COPEFRUT,2,3,15,4,,,,
19-02-2026,8,A0075,RODRIGO CACERES,COPEFRUT,266638160,,,9,MAERSK,FORT DESAIX [609N],CIRUELA,-0.5,10,NO,,,VALPARAISO,VADO LIGURE,CONTOPSA VAP,05-03-2026,06-04-2026,32,COLLECT,CONFIRMADA,,,NORMAL,,,COPEFRUT,2,3,15,4,,,,
19-02-2026,8,A0076,RODRIGO CACERES,COPEFRUT,266638218,,,9,MAERSK,FORT DESAIX [609N],CIRUELA,-0.5,10,NO,,,VALPARAISO,ALGECIRAS,CONTOPSA VAP,05-03-2026,01-04-2026,27,COLLECT,CONFIRMADA,,,NORMAL,,,COPEFRUT,2,3,14,4,,,,
23-02-2026,8,A0077,RODRIGO CACERES,COPEFRUT,266685603,,,9,MAERSK,FORT DESAIX [609N],MANZANA,-0.5,30,NO,,,VALPARAISO,BALBOA,CONTOPSA SAI,05-03-2026,13-03-2026,8,COLLECT,CANCELADO,,,NORMAL,,,COPEFRUT,2,3,11,3,,,,
23-02-2026,8,A0078,RODRIGO CACERES,COPEFRUT,266690289,,,9,MAERSK,FORT DESAIX [609N],MANZANA,-0.5,30,NO,,,VALPARAISO,BUENAVENTURA,CONTOPSA SAI,05-03-2026,20-03-2026,15,COLLECT,CANCELADO,,,NORMAL,,,COPEFRUT,2,3,12,3,,,,
23-02-2026,8,A0079,RODRIGO CACERES,COPEFRUT,266689529,,,9,MAERSK,MAERSK LIMA [608w],CIRUELA,-0.5,10,NO,,,SAN ANTONIO,KEELUNG,CONTOPSA SAI,04-03-2026,05-04-2026,32,COLLECT,CONFIRMADA,,,NORMAL,,,COPEFRUT,2,3,15,4,,,,
23-02-2026,8,A0080,RODRIGO CACERES,COPEFRUT,266690220,,,9,MAERSK,MAERSK LIMA [608w],CIRUELA,-0.5,10,NO,,,SAN ANTONIO,KEELUNG,CONTOPSA SAI,04-03-2026,05-04-2026,32,COLLECT,CONFIRMADA,,,NORMAL,,,COPEFRUT,2,3,15,4,,,,
24-02-2026,8,A0081,RODRIGO CACERES,COPEFRUT,266738827,,,9,MAERSK,FORT DESAIX [609N],MANZANA,-0.5,30,NO,,,VALPARAISO,ACAJUTLA,CONTOPSA SAI,05-03-2026,30-03-2026,25,COLLECT,CONFIRMADA,,,NORMAL,,,COPEFRUT,2,3,14,3,,,,
24-02-2026,8,A0082,RODRIGO CACERES,COPEFRUT,266805727,,,9,MAERSK,MAERSK LIMA [608w],CIRUELA,-0.5,10,NO,,,SAN ANTONIO,HONG KONG,CONTOPSA SAI,04-03-2026,30-03-2026,26,COLLECT,CONFIRMADA,,,NORMAL,,,COPEFRUT,2,3,14,3,,,,
24-02-2026,8,A0083,RODRIGO CACERES,COPEFRUT,,,,9,MAERSK,FORT DESAIX [609N],MANZANA,-0.5,30,NO,,,VALPARAISO,PUERTO QUETZAL,CONTOPSA SAI,05-03-2026,,,COLLECT,PENDIENTE,,,NORMAL,,,COPEFRUT,2,3,,,,,,
24-02-2026,8,A0084,RODRIGO CACERES,COPEFRUT,,,,9,MAERSK,FORT DESAIX [609N],MANZANA,1,10,NO,,,VALPARAISO,BUENAVENTURA,CONTOPSA SAI,05-03-2026,,,COLLECT,PENDIENTE,,,NORMAL,,,COPEFRUT,2,3,,,,,,
24-02-2026,8,A0085,RODRIGO CACERES,COPEFRUT,,,,9,MAERSK,FORT DESAIX [609N],MANZANA,1,10,NO,,,VALPARAISO,BUENAVENTURA,CONTOPSA SAI,05-03-2026,,,COLLECT,PENDIENTE,,,NORMAL,,,COPEFRUT,2,3,,,,,,
24-02-2026,8,A0086,RODRIGO CACERES,COPEFRUT,,,,9,MAERSK,FORT DESAIX [609N],CIRUELA,-0.5,10,NO,,,VALPARAISO,BUENAVENTURA,CONTOPSA SAI,05-03-2026,,,COLLECT,PENDIENTE,,,NORMAL,,,COPEFRUT,2,3,,,,,,
